"Sample";"Mutation";"Competitor1";"Competitor2";"Replica";"Type";"OD_t0";"OD_t10";"Comp1_t0";"Comp2_t0";"Comp1_t10";"Comp2_t10";"Ratio R(0)";"Ratio R(t)";"n=log2(OD_t10/OD_t0)";"W = [R(t)/R(0)]1/n] "
"WTvsE2R_CDS";"E2R";"WT";"E2Rcds";1;"SING";25;1318;"0,001524073";"0,001914295";"0,000613947";"0,038213511";"1,256038565";"62,24231466";"5,720278465";"1,978466558"
"WTvsE2R_CDS";"E2R";"WT";"E2Rcds";2;"SING";25;1297;"0,001079597";"0,001765648";"0,00069728";"0,042846343";"1,635470142";"61,4478741";"5,697106574";"1,889871582"
"WTvsE2R_CDS";"E2R";"WT";"E2Rcds";3;"SING";25;1348;"0,001094304";"0,001552751";"0,000765057";"0,047888032";"1,41893971";"62,59403074";"5,752748591";"1,931413857"
"WTvsE2R_CDS";"E2R";"WT";"E2Rcds";4;"SING";25;1377;"0,013654305";"0,012200611";"0,000637896";"0,014482303";"0,893535896";"22,70324088";"5,783456654";"1,749565176"
"WTvsE2R_CDS";"E2R";"WT";"E2Rcds";5;"SING";25;1286;"0,01456815";"0,013335276";"0,000634293";"0,010148351";"0,915371933";"15,99947899";"5,684818738";"1,654116247"
"WTvsE2R_CDS";"E2R";"WT";"E2Rcds";6;"SING";25;"1,3";"0,015079605";"0,018603194";"0,000925926";"0,016755143";"1,233665869";"18,09556115";"5,700439718";"1,601811185"
"WTvsCDS";"CDS";"WT";"CDS";1;"SING";25;1276;"0,002000579";"0,002598632";"0,025188548";"0,026282618";"1,298940353";"1,043435216";"5,673556424";"0,962130199"
"WTvsCDS";"CDS";"WT";"CDS";2;"SING";25;1296;"0,00219675";"0,002570298";"0,026147252";"0,02513205";"1,170045526";"0,961173667";"5,695993813";"0,966066114"
"WTvsCDS";"CDS";"WT";"CDS";3;"SING";25;1374;"0,002154716";"0,002006188";"0,025579886";"0,026600434";"0,931068547";"1,039896518";"5,780310099";"1,0193082"
"WTvsCDS";"CDS";"WT";"CDS";4;"SING";25;1256;"0,06397372";"0,06413239";"0,013044945";"0,010920639";"1,002480239";"0,83715485";"5,650764559";"0,968609609"
"WTvsCDS";"CDS";"WT";"CDS";5;"SING";25;1268;"0,06681768";"0,059672688";"0,016845196";"0,01563366";"0,89306735";"0,928078222";"5,66448284";"1,006811715"
"WTvsCDS";"CDS";"WT";"CDS";6;"SING";25;1347;"0,06369887";"0,08530537";"0,010284845";"0,010613931";"1,339197538";"1,031997199";"5,751677946";"0,955706801"
"WTvsCDS";"CDS";"WT";"CDS";7;"SING";25;1311;"0,00570439";"0,005579756";"0,015570391";"0,0121348";"0,978151304";"0,779351038";"5,71259578";"0,961008283"
"WTvsCDS";"CDS";"WT";"CDS";8;"SING";25;1304;"0,012516832";"0,012471196";"0,006853118";"0,006279304";"0,996354021";"0,916269653";"5,704871964";"0,985419554"
"WTvsCDS";"CDS";"WT";"CDS";9;"SING";25;1384;"0,027279586";"0,024627938";"0,007125148";"0,007326885";"0,902797345";"1,02831325";"5,790772038";"1,02273466"
"WTvsCDS";"CDS";"WT";"CDS";10;"SING";25;1276;"0,0211731";"0,026807074";"0,018114205";"0,019959172";"1,266091161";"1,101851896";"5,673556424";"0,975808027"
"WTvsCDS";"CDS";"WT";"CDS";11;"SING";25;1257;"0,025898824";"0,02414829";"0,017935002";"0,01872781";"0,932408746";"1,044204526";"5,651912745";"1,020237643"
"WTvsCDS";"CDS";"WT";"CDS";12;"SING";25;1319;"0,020566937";"0,021798504";"0,019375664";"0,019949706";"1,059880938";"1,029626982";"5,721372659";"0,994951067"
"WTvsCDS";"CDS";"WT";"CDS";13;"SING";25;1317;"0,006721722";"0,006459419";"0,00964118";"0,011727967";"0,960976711";"1,216445187";"5,71918344";"1,042080097"
"WTvsCDS";"CDS";"WT";"CDS";14;"SING";25;1338;"0,007953234";"0,006946397";"0,009286566";"0,011362729";"0,873405339";"1,223566241";"5,742006211";"1,060469892"
"WTvsCDS";"CDS";"WT";"CDS";15;"SING";25;1336;"0,040084508";"0,038942062";"0,01240069";"0,011602768";"0,971499068";"0,935655037";"5,739848103";"0,993471847"
"WTvsM1X_CDS";"M1X";"WT";"M1Xcds";1;"SING";25;1308;"0,001109556";"0,002203867";"0,000341689";"0,000102055";"1,986260614";"0,298676888";"5,709290636";"0,717592614"
"WTvsM1X_CDS";"M1X";"WT";"M1Xcds";2;"SING";25;1342;"0,001490189";"0,001904105";"0,000606308";"0,000110491";"1,277761243";"0,182235977";"5,746312766";"0,712536716"
"WTvsM1X_CDS";"M1X";"WT";"M1Xcds";3;"SING";25;1283;"0,001318785";"0,002117961";"0,00093947";"0,000116723";"1,605993634";"0,124243196";"5,681449265";"0,637335876"
"WTvsM1X_CDS";"M1X";"WT";"M1Xcds";4;"SING";25;1321;"0,036340685";"0,032247094";"0,005302659";"0,000354065";"0,887355164";"0,066771271";"5,723558561";"0,636362627"
"WTvsM1X_CDS";"M1X";"WT";"M1Xcds";5;"SING";25;1287;"0,023110677";"0,028635902";"0,005329777";"0,000452767";"1,239076691";"0,084950394";"5,685940148";"0,624160577"
"WTvsF16A_CDS";"F16A";"WT";"F16Acds";1;"SING";25;1366;"0,01172898";"0,011003139";"0,000615076";"0,000499677";"0,938115581";"0,812382388";"5,771885579";"0,975376681"
"WTvsF16A_CDS";"F16A";"WT";"F16Acds";2;"SING";25;1311;"0,016098025";"0,014262965";"0,000738483";"0,000316355";"0,886007175";"0,42838511";"5,71259578";"0,880548251"
"WTvsF16A_CDS";"F16A";"WT";"F16Acds";3;"SING";25;1296;"0,012301266";"0,013721982";"0,000723785";"0,000467377";"1,115493543";"0,645740942";"5,695993813";"0,908489788"
"WTvsA73V_CDS";"A73V";"WT";"A73Vcds";1;"SING";25;"1,3";"0,000504898";"0,000576715";"0,001215853";"0,000151898";"1,142240634";"0,124931271";"5,700439718";"0,678268033"
"WTvsA73V_CDS";"A73V";"WT";"A73Vcds";2;"SING";25;1271;"0,000955021";"0,001006007";"0,000619306";"0,000138356";"1,05338729";"0,223405197";"5,667892125";"0,76063039"
"WTvsA73V_CDS";"A73V";"WT";"A73Vcds";3;"SING";25;1383;"0,00081617";"0,001148227";"0,000854932";"0,000113333";"1,406848848";"0,132563499";"5,789729251";"0,664997679"
"WTvsA73V_CDS";"A73V";"WT";"A73Vcds";4;"SING";25;"1,26";"0,051759486";"0,051322391";"0,005576051";"0,000908048";"0,991555274";"0,162847881";"5,655351829";"0,726567025"
"WTvsA73V_CDS";"A73V";"WT";"A73Vcds";5;"SING";25;1288;"0,066963828";"0,05713854";"0,006192625";"0,000548133";"0,853274691";"0,08851388";"5,687060688";"0,67137014"
"WTvsA73V_CDS";"A73V";"WT";"A73Vcds";6;"SING";25;1329;"0,021739115";"0,021432539";"0,005235538";"0,000433621";"0,985897485";"0,082822618";"5,7322692";"0,649151518"
"WTvsY69H_CDS";"Y69H";"WT";"Y69Hcds";1;"SING";25;1342;"0,003635592";"0,003079935";"0,007364579";"0,000886359";"0,847161947";"0,120354366";"5,746312766";"0,712054639"
"WTvsY69H_CDS";"Y69H";"WT";"Y69Hcds";2;"SING";25;1288;"0,003617358";"0,003380772";"0,005461885";"0,001205894";"0,934596979";"0,220783493";"5,687060688";"0,775907415"
"WTvsY69H_CDS";"Y69H";"WT";"Y69Hcds";3;"SING";25;1286;"0,003718185";"0,003887266";"0,005022332";"0,001298562";"1,045473943";"0,258557462";"5,684818738";"0,782109003"
"WTvsQ67C_CDS";"Q67C";"WT";"Q67Ccds";1;"SING";25;1294;"0,002229955";"0,002682749";"0,006507051";"0,00018395";"1,203050624";"0,028269365";"5,693765712";"0,517491538"
"WTvsQ67C_CDS";"Q67C";"WT";"Q67Ccds";2;"SING";25;1384;"0,00276492";"0,002571511";"0,005668927";"0,000435977";"0,930049132";"0,076906493";"5,790772038";"0,650215389"
"WTvsQ67C_CDS";"Q67C";"WT";"Q67Ccds";3;"SING";25;1354;"0,007372038";"0,007071339";"0,006783062";"0,000306889";"0,959210977";"0,045243444";"5,759155834";"0,58843118"
"WTvsY69D_CDS";"Y69D";"WT";"Y69Dcds";1;"SING";25;1358;"0,001942821";"0,00198196";"0,002643838";"0,002263467";"1,020145391";"0,856129432";"5,763411574";"0,970045457"
"WTvsY69D_CDS";"Y69D";"WT";"Y69Dcds";2;"SING";25;1305;"0,01832359";"0,018272428";"0,004385166";"0,001821118";"0,997207881";"0,415290589";"5,705977902";"0,857683755"
"WTvsY69D_CDS";"Y69D";"WT";"Y69Dcds";3;"SING";25;1356;"0,008345593";"0,008378006";"0,004782606";"0,00153319";"1,003883843";"0,320576284";"5,761285273";"0,820259242"
"WTvsR76L_CDS";"R76L";"WT";"R76Lcds";1;"SING";25;1294;"0,008706103";"0,009195293";"0,000740365";"0,000480146";"1,056189279";"0,648526374";"5,693765712";"0,917907548"
"WTvsR76L_CDS";"R76L";"WT";"R76Lcds";2;"SING";25;1375;"0,007568591";"0,00759912";"0,000658171";"0,000410099";"1,004033636";"0,62308899";"5,781359714";"0,920790848"
"WTvsR76L_CDS";"R76L";"WT";"R76Lcds";3;"SING";25;1295;"0,010643908";"0,010497629";"0,000890755";"0,000489582";"0,986256993";"0,549625971";"5,694880193";"0,902427003"
"WTvsQ41C_CDS";"Q41C";"WT";"Q41Ccds";1;"SING";25;1297;"0,006961309";"0,005032718";"0,000577968";"0,000495686";"0,722955643";"0,857636479";"5,697106574";"1,03043993"
"WTvsQ41C_CDS";"Q41C";"WT";"Q41Ccds";2;"SING";25;1306;"0,007955058";"0,007578048";"0,000925149";"0,000280718";"0,952607526";"0,303430264";"5,707082992";"0,818352887"
"WTvsQ41C_CDS";"Q41C";"WT";"Q41Ccds";3;"SING";25;1353;"0,008706973";"0,008298545";"0,001216926";"0,000442459";"0,953091844";"0,363587017";"5,758089934";"0,845892289"
"WTvsS59Y_CDS";"S59Y";"WT";"S59Ycds";1;"SING";25;1356;"0,053667755";"0,050058059";"0,004228251";"0,000193106";"0,932739958";"0,04567039";"5,761285273";"0,592377201"
"WTvsS59Y_CDS";"S59Y";"WT";"S59Ycds";2;"SING";25;1253;"0,082078042";"0,080453297";"0,005263857";"0,000253012";"0,980204877";"0,048065883";"5,64731451";"0,58630477"
"WTvsS59Y_CDS";"S59Y";"WT";"S59Ycds";3;"SING";25;1304;"0,030730909";"0,03404859";"0,003814949";"0,000185118";"1,107959078";"0,048524341";"5,704871964";"0,577908353"
"WTvsM26N_CDS";"M26N";"WT";"M26Ncds";1;"SING";25;1284;"0,05263358";"0,056481617";"0,009039837";"0,000502732";"1,073109932";"0,055612961";"5,682573297";"0,594001664"
"WTvsM26N_CDS";"M26N";"WT";"M26Ncds";2;"SING";25;1355;"0,052739657";"0,050474172";"0,012858527";"0,001160383";"0,95704399";"0,090242314";"5,760220946";"0,663689385"
"WTvsM26N_CDS";"M26N";"WT";"M26Ncds";3;"SING";25;1264;"0,052209061";"0,052008453";"0,018356949";"0,000511309";"0,996157605";"0,027853721";"5,659924558";"0,53154021"
"WTvsK32N_CDS";"K32N";"WT";"K32Ncds";1;"SING";25;1271;"0,034477754";"0,032546305";"0,01304555";"0,0009475";"0,94397985";"0,072630156";"5,667892125";"0,636035688"
"WTvsK32N_CDS";"K32N";"WT";"K32Ncds";2;"SING";25;1294;"0,027418895";"0,027403062";"0,013834191";"0,001048037";"0,999422533";"0,075757025";"5,693765712";"0,635676757"
"WTvsK32N_CDS";"K32N";"WT";"K32Ncds";3;"SING";25;1333;"0,023039412";"0,02933219";"0,012159648";"0,001058933";"1,273131022";"0,087085836";"5,736604875";"0,626514579"
"WTvsA37F_CDS";"A37F";"WT";"A37Fcds";1;"SING";25;1343;"0,082342978";"0,084700151";"0,020944157";"0,00099798";"1,028626274";"0,047649549";"5,7473874";"0,585949174"
"WTvsA37F_CDS";"A37F";"WT";"A37Fcds";2;"SING";25;1354;"0,196897619";"0,190185542";"0,023500715";"0,001450356";"0,965910828";"0,061715387";"5,759155834";"0,620273981"
"WTvsA37F_CDS";"A37F";"WT";"A37Fcds";3;"SING";25;1336;"0,072687072";"0,08505497";"0,022436378";"0,000961136";"1,170152655";"0,042838296";"5,739848103";"0,562014699"
"WTvsQ39P_CDS";"Q39P";"WT";"Q39Pcds";1;"SING";25;1383;"0,002599849";"0,00264603";"0,005388892";"0,000588924";"1,017762709";"0,10928484";"5,789729251";"0,68017349"
"WTvsQ39P_CDS";"Q39P";"WT";"Q39Pcds";2;"SING";25;1278;"0,003227787";"0,003563405";"0,004409438";"0,000626463";"1,103977578";"0,142073156";"5,675815931";"0,696811613"
"WTvsQ39P_CDS";"Q39P";"WT";"Q39Pcds";3;"SING";25;1259;"0,002978917";"0,003015645";"0,005096333";"0,000619952";"1,012329613";"0,121646712";"5,654206378";"0,687464208"
"WTvsW38L_CDS";"W38L";"WT";"W38Lcds";1;"SING";25;1354;"0,004124074";"0,004786903";"0,006279951";"0,000282545";"1,160721757";"0,044991561";"5,759155834";"0,568715603"
"WTvsW38L_CDS";"W38L";"WT";"W38Lcds";2;"SING";25;1277;"0,004113753";"0,004018859";"0,004959884";"0,000479591";"0,976932419";"0,096693915";"5,67468662";"0,665260781"
"WTvsW38L_CDS";"W38L";"WT";"W38Lcds";3;"SING";25;1365;"0,004891513";"0,005024129";"0,006221183";"0,001797851";"1,02711144";"0,288988528";"5,770829046";"0,802722368"
"WTvsG44W_CDS";"G44W";"WT";"G44Wcds";1;"SING";25;"1,27";"0,003635167";"0,002646842";"0,009089801";"0,002239907";"0,72812132";"0,246419804";"5,666756592";"0,825975071"
"WTvsG44W_CDS";"G44W";"WT";"G44Wcds";2;"SING";25;1358;"0,004397541";"0,003503836";"0,007256689";"0,00176286";"0,796771758";"0,242928993";"5,763411574";"0,813757353"
"WTvsG44W_CDS";"G44W";"WT";"G44Wcds";3;"SING";25;1305;"0,004066499";"0,003040014";"0,009117496";"0,003429973";"0,747575236";"0,376196852";"5,705977902";"0,886608832"
"WTvsS59Y_CDS";"S59Y";"WT";"S59Ycds";1;"SING";25;"1,3";"0,006337404";"0,006191337";"0,009423499";"0,000308076";"0,976951535";"0,032692296";"5,700439718";"0,551027178"
"WTvsS59Y_CDS";"S59Y";"WT";"S59Ycds";2;"SING";25;1354;"0,007507863";"0,006143976";"0,007034596";"0,000148892";"0,818338829";"0,021165666";"5,759155834";"0,530135001"
"WTvsS59Y_CDS";"S59Y";"WT";"S59Ycds";3;"SING";25;1292;"0,007367909";"0,006138873";"0,00764487";"0,000200157";"0,833190605";"0,026181827";"5,691534165";"0,544463136"
"WTvsC47Y_CDS";"C47Y";"WT";"C47Ycds";1;"SING";25;1326;"0,007330556";"0,006760553";"0,004790592";"0,001658794";"0,922242911";"0,346260713";"5,72900887";"0,842828027"
"WTvsC47Y_CDS";"C47Y";"WT";"C47Ycds";2;"SING";25;1385;"0,007016595";"0,008588206";"0,004421057";"0,001014696";"1,223984839";"0,229514304";"5,791814071";"0,749003482"
"WTvsC47Y_CDS";"C47Y";"WT";"C47Ycds";3;"SING";25;1338;"0,006996415";"0,007645332";"0,004655473";"0,001869964";"1,092749931";"0,401670073";"5,742006211";"0,840046317"
"WTvsH62F_CDS";"H62F";"WT";"H62Fcds";1;"SING";25;1344;"0,003572485";"0,002202357";"0,006825952";"0,000270456";"0,616477536";"0,0396217";"5,748461233";"0,620358757"
"WTvsH62F_CDS";"H62F";"WT";"H62Fcds";2;"SING";25;1317;"0,003247011";"0,002015437";"0,007428692";"0,000295435";"0,620705259";"0,039769425";"5,71918344";"0,618507569"
"WTvsH62F_CDS";"H62F";"WT";"H62Fcds";3;"SING";25;1265;"0,003427394";"0,002236717";"0,007544798";"0,00030116";"0,652599834";"0,039916203";"5,66106548";"0,610437857"
"WTvsH62N_CDS";"H62N";"WT";"H62Ncds";1;"SING";25;1296;"0,00875443";"0,007437998";"0,005230942";"0,000546896";"0,849626783";"0,104550206";"5,695993813";"0,692238209"
"WTvsH62N_CDS";"H62N";"WT";"H62Ncds";2;"SING";25;1382;"0,015076256";"0,017902557";"0,008104224";"0,000640442";"1,187467027";"0,079025662";"5,788685711";"0,626177774"
"WTvsH62N_CDS";"H62N";"WT";"H62Ncds";3;"SING";25;1307;"0,009965798";"0,010021784";"0,007763761";"0,000595613";"1,005617817";"0,07671708";"5,708187236";"0,63712024"
"WT+WTvsCDS+CDS";"CDS";"WT_WT";"CDS_CDS";1;"DUP";25;1346;"0,015680777";"0,016968587";"0,000955263";"0,00093171";"1,082126647";"0,975343924";"5,750606505";"0,982095718"
"WT+WTvsCDS+CDS";"CDS";"WT_WT";"CDS_CDS";2;"DUP";25;1339;"0,015605163";"0,016505064";"0,000950166";"0,000936039";"1,057666926";"0,9851327";"5,743084056";"0,987705773"
"WT+WTvsCDS+CDS";"CDS";"WT_WT";"CDS_CDS";3;"DUP";25;"1,27";"0,016884291";"0,015209152";"0,000942731";"0,00094455";"0,900787124";"1,001929401";"5,666756592";"1,018956045"
"WT+WTvsCDS+CDS";"CDS";"WT_WT";"CDS_CDS";4;"DUP";25;"1,32";"0,032012026";"0,030851608";"0,001564277";"0,001417703";"0,96375055";"0,906299599";"5,722466024";"0,989316902"
"WT+WTvsCDS+CDS";"CDS";"WT_WT";"CDS_CDS";5;"DUP";25;1271;"0,038058122";"0,035273222";"0,001605057";"0,001473517";"0,9268251";"0,918046167";"5,667892125";"0,998322267"
"WT+WTvsQ39P_CDS+CDS";"Q39P";"WT_WT";"Q39Pcds_CDS";1;"DUP";25;"1,36";"0,019344655";"0,017260635";"0,008404195";"0,001089702";"0,892268943";"0,129661691";"5,765534746";"0,715662635"
"WT+WTvsQ39P_CDS+CDS";"Q39P";"WT_WT";"Q39Pcds_CDS";2;"DUP";25;1312;"0,018233121";"0,017860955";"0,008875362";"0,001048685";"0,979588418";"0,118156855";"5,713695815";"0,690607162"
"WT+WTvsQ39P_CDS+CDS";"Q39P";"WT_WT";"Q39Pcds_CDS";3;"DUP";25;1254;"0,019286837";"0,018137123";"0,008258333";"0,00112415";"0,940388671";"0,136123147";"5,648465443";"0,710227722"
"WT+WTvsE2R_CDS+CDS";"E2R";"WT_WT";"E2Rcds_CDS";1;"DUP";25;1299;"0,029302877";"0,0273391";"0,000145104";"0,010518642";"0,93298336";"72,4903001";"5,699329526";"2,146293899"
"WT+WTvsE2R_CDS+CDS";"E2R";"WT_WT";"E2Rcds_CDS";2;"DUP";25;1334;"0,021045444";"0,025646549";"0,000135074";"0,01075833";"1,218627143";"79,64761372";"5,737686761";"2,071963942"
"WT+WTvsE2R_CDS+CDS";"E2R";"WT_WT";"E2Rcds_CDS";3;"DUP";25;1321;"0,025452088";"0,024913927";"0,000119279";"0,01086688";"0,978855918";"91,10494157";"5,723558561";"2,207932799"
"WT+WTvsW38L_CDS+CDS";"W38L";"WT_WT";"W38Lcds_CDS";1;"DUP";25;1297;"0,017702194";"0,015137577";"0,000547318";"0,0000612";"0,855124375";"0,111734841";"5,697106574";"0,699618817"
"WT+WTvsW38L_CDS+CDS";"W38L";"WT_WT";"W38Lcds_CDS";2;"DUP";25;1269;"0,011853692";"0,014273703";"0,000334722";"0,0000442";"1,204156658";"0,132092664";"5,665620164";"0,677004392"
"WT+WTvsW38L_CDS+CDS";"W38L";"WT_WT";"W38Lcds_CDS";3;"DUP";25;1284;"0,016224773";"0,013865825";"0,000122965";"0,0000243";"0,854608264";"0,197403245";"5,682573297";"0,772691671"
"WT+WTvsF16A_CDS+CDS";"F16A";"WT_WT";"F16Acds_CDS";1;"DUP";25;1348;"0,055307712";"0,049599773";"0,030555592";"0,03145029";"0,896796676";"1,029280969";"5,752748591";"1,024240574"
"WT+WTvsF16A_CDS+CDS";"F16A";"WT_WT";"F16Acds_CDS";2;"DUP";25;"1,29";"0,05901043";"0,088588782";"0,027168287";"0,030909313";"1,501239378";"1,137698274";"5,689299161";"0,952430836"
"WT+WTvsF16A_CDS+CDS";"F16A";"WT_WT";"F16Acds_CDS";3;"DUP";25;1365;"0,046088399";"0,064072594";"0,035097406";"0,032645184";"1,390210869";"0,930130956";"5,770829046";"0,932728767"
"WT+WTvsY69D_CDS+CDS";"Y69D";"WT_WT";"Y69Dcds_CDS";1;"DUP";25;1316;"0,019894859";"0,016894782";"0,051528224";"0,004252383";"0,8492034";"0,082525316";"5,718087584";"0,665186625"
"WT+WTvsY69D_CDS+CDS";"Y69D";"WT_WT";"Y69Dcds_CDS";2;"DUP";25;1373;"0,03296432";"0,036799269";"0,022497746";"0,002788294";"1,116336374";"0,12393661";"5,77925972";"0,68363442"
"WT+WTvsY69D_CDS+CDS";"Y69D";"WT_WT";"Y69Dcds_CDS";3;"DUP";25;1329;"0,025240954";"0,02939312";"0,038531299";"0,008936881";"1,164501158";"0,231938225";"5,7322692";"0,754658388"
"WT+WTvsM26N_CDS+CDS";"M26N";"WT_WT";"M26Ncds_CDS";1;"DUP";25;1337;"0,064065939";"0,077994995";"0,000193949";"0,000170316";"1,217417497";"0,878147776";"5,74092756";"0,944686325"
"WT+WTvsM26N_CDS+CDS";"M26N";"WT_WT";"M26Ncds_CDS";2;"DUP";25;1335;"0,069795031";"0,068628908";"0,000192304";"0,000157875";"0,983292188";"0,820968394";"5,738767837";"0,969049968"
"WT+WTvsM26N_CDS+CDS";"M26N";"WT_WT";"M26Ncds_CDS";3;"DUP";25;1353;"0,055604028";"0,054131188";"0,000157237";"0,000139605";"0,973511998";"0,887863723";"5,758089934";"0,984133739"
"WT+WTvsQ67C_CDS+CDS";"Q67C";"WT_WT";"Q67Ccds_CDS";1;"DUP";25;"1,35";"0,064354203";"0,054782848";"0,053522992";"0,00387397";"0,851270703";"0,072379556";"5,754887502";"0,651617262"
"WT+WTvsQ67C_CDS+CDS";"Q67C";"WT_WT";"Q67Ccds_CDS";2;"DUP";25;1323;"0,086796526";"0,079959134";"0,051209976";"0,002082264";"0,921225053";"0,040661297";"5,725741157";"0,579852039"
"WT+WTvsQ67C_CDS+CDS";"Q67C";"WT_WT";"Q67Ccds_CDS";3;"DUP";25;1253;"0,102705746";"0,104489204";"0,037776764";"0,002518812";"1,017364727";"0,066676228";"5,64731451";"0,617206318"
"WT+WTvsC47Y_CDS+CDS";"C47Y";"WT_WT";"C47Ycds_CDS";1;"DUP";25;"1,31";"0,053490978";"0,06234985";"0,0149383";"0,006604284";"1,165614311";"0,442104111";"5,711494907";"0,843885825"
"WT+WTvsC47Y_CDS+CDS";"C47Y";"WT_WT";"C47Ycds_CDS";2;"DUP";25;1263;"0,0677662";"0,062398943";"0,014328932";"0,006285522";"0,920797434";"0,438659462";"5,658782734";"0,87718427"
"WT+WTvsC47Y_CDS+CDS";"C47Y";"WT_WT";"C47Ycds_CDS";3;"DUP";25;1343;"0,068528985";"0,062523896";"0,014414763";"0,006307311";"0,912371542";"0,437559136";"5,7473874";"0,879980474"
"WT+WTvsG44W_CDS+CDS";"G44W";"WT_WT";"G44Wcds_CDS";1;"DUP";25;1358;"0,024354206";"0,026073053";"0,023359929";"0,006504598";"1,070576999";"0,278451095";"5,763411574";"0,791626551"
"WT+WTvsG44W_CDS+CDS";"G44W";"WT_WT";"G44Wcds_CDS";2;"DUP";25;1312;"0,019463229";"0,021965359";"0,027498262";"0,006901279";"1,128556741";"0,250971478";"5,713695815";"0,768653968"
"WT+WTvsG44W_CDS+CDS";"G44W";"WT_WT";"G44Wcds_CDS";3;"DUP";25;1308;"0,022493077";"0,023499843";"0,026467887";"0,006401577";"1,044758921";"0,241862019";"5,709290636";"0,77392564"
"WT+WTvsH62N_CDS+CDS";"H62N";"WT_WT";"H62Ncds_CDS";1;"DUP";25;1283;"0,059106774";"0,064897166";"0,021673457";"0,006890723";"1,097964948";"0,317933728";"5,681449265";"0,804010127"
"WT+WTvsH62N_CDS+CDS";"H62N";"WT_WT";"H62Ncds_CDS";2;"DUP";25;1366;"0,061187537";"0,067331297";"0,025808624";"0,008645852";"1,100408697";"0,334998584";"5,771885579";"0,813790468"
"WT+WTvsH62N_CDS+CDS";"H62N";"WT_WT";"H62Ncds_CDS";3;"DUP";25;1297;"0,079432942";"0,073698867";"0,025707333";"0,009510004";"0,927812376";"0,369933531";"5,697106574";"0,85095264"
"WT+WTvsS59Y_CDS+CDS";"S59Y";"WT_WT";"S59Ycds_CDS";1;"DUP";25;1289;"0,039608476";"0,037049399";"0,010746759";"0,001147023";"0,935390674";"0,106731975";"5,688180359";"0,682764041"
"WT+WTvsS59Y_CDS+CDS";"S59Y";"WT_WT";"S59Ycds_CDS";2;"DUP";25;1277;"0,029829883";"0,026678306";"0,010468007";"0,001681657";"0,894348326";"0,160647293";"5,67468662";"0,738930544"
"WT+WTvsS59Y_CDS+CDS";"S59Y";"WT_WT";"S59Ycds_CDS";3;"DUP";25;1327;"0,02470492";"0,026138746";"0,010215901";"0,002031834";"1,058038072";"0,198889379";"5,730096466";"0,74699864"
"WT+M1XvsCDS+CDS";"CDS";"WT_M1X";"CDS_CDS";1;"BETTER_CDS";25;1341;"0,010217303";"0,00857757";"0,002572829";"0,007883847";"0,839514158";"3,064271606";"5,745237332";"1,252772575"
"WT+M1XvsCDS+CDS";"CDS";"WT_M1X";"CDS_CDS";2;"BETTER_CDS";25;1299;"0,009565152";"0,01078977";"0,002847881";"0,008347772";"1,128029069";"2,931222487";"5,699329526";"1,182409592"
"WT+M1XvsCDS+CDS";"CDS";"WT_M1X";"CDS_CDS";3;"BETTER_CDS";25;1255;"0,01038231";"0,009017606";"0,002789402";"0,008347809";"0,868554841";"2,992687538";"5,649615459";"1,24479395"
